Chromosome	brkpt	chunksize_offset_frac
chr10p	1976976	0.0115075
chr10p	3950128	0.0249315
chr10p	6048410	0.024201
chr10p	8015547	0.0077695
